<?xml version="1.0" encoding="UTF-8"?>
<project-private xmlns="http://www.netbeans.org/ns/project-private/1">
    <editor-bookmarks xmlns="http://www.netbeans.org/ns/editor-bookmarks/2" lastBookmarkId="0"/>
    <open-files xmlns="http://www.netbeans.org/ns/projectui-open-files/2">
        <group>
            <file>file:/C:/Users/Geovanny%20Barrera/Documents/VCS/VCS/web/Administracion_de_Carrera/Oficio_Notificacion_Tutor/notificacion_tutor.js</file>
            <file>file:/C:/Users/Geovanny%20Barrera/Documents/VCS/VCS/src/java/PPA_EXT_PAS/funciones_salida/F_genera_pdf_peticion_aprob.java</file>
            <file>file:/C:/Users/Geovanny%20Barrera/Documents/VCS/VCS/src/java/PPA_EXT_PAS/funciones_salida/F_genera_pdf_of_not_tutor.java</file>
            <file>file:/C:/Users/Geovanny%20Barrera/Documents/VCS/VCS/src/java/PPA_EXT_PAS/funciones_salida/F_genera_pdf_ficha_estudiante.java</file>
            <file>file:/C:/Users/Geovanny%20Barrera/Documents/VCS/VCS/src/java/PPA_EXT_PAS/eventos/Genera_pdf.java</file>
        </group>
    </open-files>
</project-private>
